id,winner_model_a,winner_model_b,winner_tie
136060.0,0.34504333,0.34769788,0.30725875
211333.0,0.26952758,0.4118534,0.318619
1233961.0,0.33573785,0.33093017,0.33333197
